package,member,total
fmt,Errorf,8981
fmt,Println,8152
fmt,Sprintf,6075
errors,New,4348
unsafe,Pointer,3496
fmt,Printf,2958
time,Now,2257
fmt,Fprintf,2167
log,Printf,1850
reflect,DeepEqual,1790
path/filepath,Join,1525
os,Exit,1357
strings,Split,1165
strings,Contains,1158
log,Fatal,1110
time,Sleep,1106
log,Println,1029
encoding/json,Unmarshal,1010
regexp,MustCompile,989
os,Getenv,938
os/exec,Command,903
flag,String,900
net/http,NewRequest,838
strings,HasPrefix,835
os,RemoveAll,834
fmt,Fprintln,772
strings,TrimSpace,753
io/ioutil,ReadAll,739
log,Fatalf,738
io/ioutil,ReadFile,715
reflect,ValueOf,703
syscall,Errno,674
encoding/json,Marshal,672
bytes,Equal,670
os,Open,664
bytes,Buffer.WriteString,663
net/http/httptest,NewRecorder,650
os,Stat,639
os,Remove,609
strconv,Atoi,599
reflect,TypeOf,565
time,After,563
net/http,Error,561
strings,Join,546
path,Join,545
sync,Mutex.Unlock,540
strings,Replace,536
sync,Mutex.Lock,517
flag,Bool,494
flag,Parse,456
net/http/httptest,NewServer,455
bytes,Buffer.String,451
strconv,Itoa,439
io/ioutil,WriteFile,427
strings,ToLower,419

strings,HasSuffix,404
sync,WaitGroup.Done,402
io/ioutil,TempDir,402
sync,WaitGroup.Wait,399
sync,WaitGroup.Add,391
os,Create,380
io,Copy,373
strconv,ParseInt,372
time,Date,367
os,Setenv,360
os,MkdirAll,357
net/url,Parse,355
time,Duration,350
bytes,NewBuffer,347
sort,Sort,346
strings,NewReader,333
sort,Strings,327
io,WriteString,308
time,Unix,293
fmt,Print,292
encoding/json,NewDecoder,291
strings,Index,285
fmt,Fprint,284
bytes,NewReader,279
testing,Short,276
bytes,Buffer.Bytes,274
testing,TB.Fatal,269
os,FileMode,266

strconv,ParseUint,250
encoding/json,NewEncoder,248
bufio,NewReader,239
os,IsNotExist,236
os,OpenFile,236
math/rand,Intn,234
flag,StringVar,229
net,ParseIP,228

strings,Repeat,220
net/url,Values.Set,218
net/http,HandleFunc,215
testing,TB.Errorf,214
strings,SplitN,211
runtime,GOMAXPROCS,211
strconv,ParseFloat,211
io,ReadFull,209

fmt,Sprint,206
flag,Int,199
log,Fatalln,197
flag,BoolVar,193
net/http,Get,192
math/big,NewInt,190
strconv,FormatInt,190
syscall,Signal,189
net/http,HandlerFunc,189
bytes,Buffer.WriteByte,189
bufio,NewScanner,180
bytes,Buffer.Write,180
io/ioutil,TempFile,180
strings,Trim,165
strings,Fields,161
time,Parse,158
os,Mkdir,152
bytes,Buffer.Reset,151

net,Listen,143
reflect,New,142
encoding/binary,Read,138
bytes,Compare,137
time,Since,137
bytes,NewBufferString,135
net/http,ListenAndServe,134
path/filepath,Abs,131
os/signal,Notify,130
os,Getwd,126

encoding/hex,DecodeString,124
flag,Args,123
math/rand,Seed,122
strings,TrimPrefix,121
os,NewSyscallError,121
net,Dial,120
strings,ToUpper,120
log,Print,119
runtime,Caller,118
flag,NewFlagSet,118
net/http,Redirect,116
log,New,114
path/filepath,Base,108
flag,Usage,104
math,Pow,104
encoding/json,MarshalIndent,103
io/ioutil,NopCloser,102
os,Lstat,102
crypto/rand,Read,101
net,SplitHostPort,99
math,Abs,99
sync,RWMutex.RUnlock,99
encoding/hex,EncodeToString,98
cmd/internal/obj,Appendp,97
runtime,GC,97
encoding/binary,Write,97
io/ioutil,ReadDir,97
sync,RWMutex.RLock,95
unsafe,Sizeof,94
reflect,Indirect,93
math/rand,New,92
path/filepath,Walk,91
regexp,Compile,89
strconv,ParseBool,89
path/filepath,Dir,89
log,SetFlags,86
sync,RWMutex.Unlock,84
time,ParseDuration,83
strings,LastIndex,83
os,Clearenv,82
bytes,Buffer.Len,82
math,Float32bits,82
net/http,Handle,82
flag,PrintDefaults,81
syscall,UTF16PtrFromString,79
flag,NArg,78
flag,IntVar,78
sync,RWMutex.Lock,78
os,Rename,77
strings,TrimSuffix,74
os/exec,LookPath,74
unicode/utf8,DecodeRuneInString,73
path/filepath,Clean,73
net/http,Post,72
time,NewTicker,72
syscall,Syscall,70
go/ast,NewIdent,70
bytes,Buffer.Error,69
net/url,Values.Add,69
bufio,NewWriter,69
path,Base,66
text/template,Must,66
os,Chdir,66
log,SetOutput,65

io,Pipe,65
net/http,NewServeMux,65
runtime,LockOSThread,64
testing,TB.Error,63
bytes,Buffer.WriteRune,63
go/parser,ParseFile,62
strings,EqualFold,61
flag,Arg,60
strconv,FormatFloat,60
strings,TrimRight,60
strings,Count,60
os,Environ,59
syscall,Mount,58
os,Readlink,57
math,IsNaN,57
bytes,Replace,57
strconv,AppendInt,56
testing,TB.Fatalf,56
runtime,FuncForPC,56
go/token,NewFileSet,56
regexp,MatchString,56
math/big,NewRat,56
os,Pipe,54
text/template,New,54
compress/gzip,NewReader,54
cmd/link/internal/ld,Adduint8,53
net,ParseCIDR,52
bytes,HasPrefix,52
os,Chmod,52
math,Sqrt,52
io,Writer.Write,52
math,Inf,51
path/filepath,Ext,50
net/http,Client.Do,50
net,IPv4,50
bytes,IndexByte,50
math,IsInf,50
sync/atomic,AddInt32,49
fmt,Sscanf,49
text/tabwriter,NewWriter,48
path,Clean,48
math/rand,Int,47
image,Rect,46
math,Floor,46
time,Tick,46
os,Hostname,46
fmt,Sprintln,45
unicode,IsSpace,45
sync,Once.Do,45
os,Symlink,45
sync/atomic,LoadInt32,45
strconv,FormatUint,45
os,TempDir,44
syscall,Syscall6,43
crypto/md5,New,43
time,NewTimer,43
compress/gzip,NewWriter,43
math/rand,Float64,43
bytes,Repeat,42
strconv,FormatBool,42
path/filepath,FromSlash,42
fmt,Scanln,42
path,Dir,42
path/filepath,Rel,42
net,Conn.Close,41
path/filepath,Split,41

net/http,NotFound,41
net/http,Client.Get,40
net,JoinHostPort,40
io,CopyN,40
database/sql,Open,40

crypto/hmac,New,39
runtime,ReadMemStats,38
strconv,AppendUint,38
encoding/gob,Register,38
flag,Duration,38
net,DialTimeout,37
testing,Verbose,37
sort,Ints,37
bytes,Split,37
runtime,NumCPU,37
unicode,IsLetter,36
net/http,CanonicalHeaderKey,36
html/template,Must,36
os/user,Current,36
crypto/sha256,Sum256,35
os,NewFile,35
cmd/link/internal/ld,Diag,35
crypto/sha256,New,35
os,Getpid,35
path/filepath,ToSlash,35
encoding/pem,Decode,34
path/filepath,EvalSymlinks,33
os,IsPermission,33
io,MultiWriter,33
math,NaN,33
unicode/utf8,RuneCountInString,33
encoding/gob,NewDecoder,33
runtime/pprof,StopCPUProfile,33
runtime/pprof,StartCPUProfile,33
log,Panicf,33
math/rand,NewSource,32
cmd/link/internal/ld,Linklookup,32
container/heap,Pop,32
strings,Title,32
image,NewRGBA,31
path/filepath,IsAbs,31
os,IsPathSeparator,31
cmd/compile/internal/gc,Cgen,31
bytes,Index,31
bytes,Contains,30

strings,IndexRune,30
runtime,Gosched,30
crypto/x509,NewCertPool,30
runtime,UnlockOSThread,29
math,Exp2,29
strconv,Unquote,29
strings,TrimLeft,29
syscall,Close,29
net,ResolveUDPAddr,29
syscall,Kill,29
unicode/utf8,DecodeRune,29
expvar,NewInt,29
bytes,Buffer.Fatal,28
flag,Var,28
crypto/x509,ParseCertificate,28
bytes,TrimSpace,28

math,Sin,27
crypto/sha1,New,27
runtime,NumGoroutine,27
reflect,MakeSlice,27
reflect,Zero,27
math,Min,26
html/template,New,26
strconv,Quote,26
sync/atomic,LoadUint32,26
math/rand,Perm,26
bytes,Trim,25
sort,Search,25
sort,StringSlice,25
go/format,Source,25
net,ResolveTCPAddr,25
testing/quick,Check,25
fmt,Fscanf,25
archive/tar,NewReader,25
encoding/xml,NewDecoder,25
cmd/link/internal/ld,Adduint32,24
os,IsExist,24
crypto/rand,Int,24
encoding/gob,NewEncoder,24
unicode/utf8,EncodeRune,24
time,AfterFunc,24
math,Max,23
net/url,QueryEscape,23
syscall,Unmount,23
net,IP,23
html/template,HTML,23
encoding/pem,Encode,23
cmd/compile/internal/gc,Regalloc,23
net/url,Values,23
net/http,Header.Set,23
unicode,IsUpper,22
crypto/rsa,GenerateKey,22
net,IP.String,22
sync/atomic,StoreInt32,22
os,NewError,22
crypto/aes,NewCipher,22
archive/tar,NewWriter,21
encoding/base64,NewDecoder,21
runtime,Stack,21
net,ListenPacket,21
math,Ceil,21
syscall,UTF16ToString,21
unicode,IsDigit,21
net/http,StatusText,21
bytes,Buffer.ReadFrom,21
container/heap,Push,21
path,Split,20
path/filepath,Glob,20
strings,ContainsAny,20
sort,Stable,20
net/http,Serve,20
unicode,IsLower,20
cmd/link/internal/ld,Cseek,20
time,FixedZone,20
math,Cos,20
time,Time.Int,20
math,Float64frombits,20
container/heap,Init,19
cmd/compile/internal/gc,Regfree,19
math/big,Int.Cmp,19
crypto/ecdsa,GenerateKey,19
syscall,BytePtrFromString,19
cmd/compile/internal/gc,Tempname,19
cmd/internal/obj,Linklookup,19
sync/atomic,StoreUint32,19
crypto/tls,LoadX509KeyPair,19
os,Chtimes,19
net/url,QueryUnescape,18
log,SetPrefix,18
html,EscapeString,18

cmd/compile/internal/gc,Nodreg,18
os,Unsetenv,18
strings,NewReplacer,18
time,Duration.Seconds,18
syscall,NewLazyDLL,18
syscall,NewCallback,18
encoding/xml,Unmarshal,18
runtime,SetFinalizer,18

net,ListenUDP,17
net,CIDRMask,17
time,Time.IsZero,17
strings,ContainsRune,17
math,Float32frombits,17
image/png,Encode,17
crypto/tls,Dial,17
cmd/compile/internal/gc,Patch,17
io,LimitReader,17
sort,IsSorted,16
encoding/csv,NewReader,16
math/rand,Int31,16
internal/testenv,MustHaveExternalNetwork,16
testing,TB.Logf,16
log,Panic,16
strconv,AppendFloat,16
strings,IndexAny,16
net/http,SetCookie,16
fmt,Scanf,16
syscall,SetsockoptInt,16
net,InterfaceByName,16
syscall,Statfs,16
crypto/subtle,ConstantTimeCompare,15
net/http,PostForm,15
net/http,ServeFile,15
flag,Int64,15
syscall,StringToUTF16Ptr,15
testing,TB.Skip,15
path,IsAbs,15
net/url,ParseRequestURI,15
strings,IndexByte,15

image/draw,Draw,15
mime,ParseMediaType,15
bufio,NewWriterSize,15
reflect,Append,14
path/filepath,SplitList,14
io,ReadCloser.Close,14

common,ErrExit,14
sync/atomic,AddInt64,14
unsafe,Offsetof,14
text/tabwriter,Writer.Init,14
math/big,Int.Add,14
flag,Lookup,14
sync/atomic,AddUint64,14
syscall,GetsockoptInt,14
math/rand,Int63,14
net/http,FileServer,14
mime/multipart,NewWriter,14
go/ast,Inspect,14
time,LoadLocation,14
io,TeeReader,14
math,Float64bits,14
unicode,ToLower,14
time,Time.Add,14
net,ParseMAC,14
fmt,Sscan,14
net/http,Handler.ServeHTTP,13
net/url,URL.String,13
cmd/compile/internal/gc,Gbranch,13
net,Interfaces,13
hash/fnv,New64a,13
flag,Uint,13
reflect,PtrTo,13
math/rand,Float32,13
net/http/httptest,NewUnstartedServer,13
time,ParseInLocation,13
sync/atomic,LoadInt64,13
net/textproto,MIMEHeader,12
archive/zip,OpenReader,12
image,NewRGBA64,12
encoding/xml,Marshal,12
mime,TypeByExtension,12
syscall,Open,12
math,Exp,12
math/rand,Uint32,12
net/url,Values.Encode,12
sync/atomic,Value.Load,12
syscall,Exec,12
strconv,AppendBool,12
log,Panicln,12
runtime/debug,Stack,12
net,Conn.Write,12
bytes,IndexAny,12
image,NewNRGBA,12
archive/zip,NewWriter,12
text/tabwriter,Writer.Flush,12
unicode,Is,12
crypto/sha512,New,12
bytes,Join,12
unicode,ToUpper,12
cmd/link/internal/ld,Adduint64,11
encoding/asn1,ObjectIdentifier,11
syscall,Read,11
sync/atomic,Value.Store,11
syscall,Umask,11
fmt,Line,11
testing/quick,CheckEqual,11
encoding/hex,Decode,11
sync/atomic,CompareAndSwapInt32,11
go/token,Pos,11
html/template,HTMLEscape,11
sync,NewCond,11
optionalfieldstest,NewAllOptional,11
os,Chown,11
regexp,Match,11
crypto/x509,CreateCertificate,11
encoding/hex,Encode,11
unicode/utf8,ValidString,11
go/importer,Default,11
crypto/elliptic,P256,11
runtime,Version,11
syscall,Sysctl,10
net/http,Header,10
rand,Uint32,10
storage,NewUserSubscriptions,10
net/url,String,10

syscall,Wait4,10
unicode/utf8,RuneLen,10
cmd/link/internal/ld,Cflush,10
time,Time.Equal,10
os,Getuid,10
rand,Intn,10
runtime,GOROOT,10
compress/bzip2,NewReader,10
crypto/x509,ParsePKCS1PrivateKey,10
crypto/elliptic,P384,10
bytes,SplitN,10
appengine,NewContext,10
math/big,Int.Mod,10
image,Decode,10
io,WriteCloser.Write,10
reflect,Typeof,10
flag,Float64,10
strings,Compare,10

strings,FieldsFunc,10
cmd/link/internal/ld,Datblk,9
reflect,Type.Elem,9
syscall,RawSyscall,9
container/list,New,9
net/http,Header.Add,9
go/ast,Walk,9
crypto/md5,Sum,9
syscall,Unlink,9
crypto/elliptic,P521,9
cmd/link/internal/ld,Symaddr,9
reflect,Value.Type,9
path/filepath,Match,9
flag,UintVar,9
net/http,Server.Serve,9
syscall,Stat,9
go/types,Config.Check,9
runtime/internal/atomic,Casuintptr,9
clive/cmd,Warn,9
math/big,Int.Mul,9
syscall,LoadDLL,9
reflect,Value,9
sort,Float64s,9
internal/testenv,Builder,9

path,Ext,9
math,Tan,9
expvar,Publish,9
syscall,CloseOnExec,9
flag,DurationVar,9
encoding/binary,ByteOrder.Uint32,8
bytes,ToLower,8
net/url,ParseQuery,8
crypto/tls,Client,8
reflect,Type.Kind,8
expvar,NewMap,8
crypto/x509,MarshalPKCS1PrivateKey,8
runtime/debug,PrintStack,8
os,Link,8
math,Signbit,8
encoding/json,RawMessage,8
time,Time.Now,8
misc/packet,Pack,8
bytes,TrimRight,8
math/big,Int.Div,8
encoding/hex,DecodedLen,8
net/http/httputil,NewClientConn,8
go/ast,IsExported,8
sync/atomic,AddUint32,8
net/http/httptest,NewTLSServer,8
syscall,Chdir,8
net,Conn.SetReadDeadline,8
reflect,MakeMap,8
reflect,Copy,8
go/parser,ParseExpr,8
go/build,Import,8
errors,Sort,8
net,Conn.SetWriteDeadline,8
errors,Err,8
sort,StringsAreSorted,8
net/http,DetectContentType,8
io,Writer.Header,8
internal/testenv,MustHaveGoBuild,8
encoding/json,Number,8
cmd/link/internal/ld,Addrel,8
net,Listener.Close,8
net/http,Header.Get,8
bytes,Buffer.Truncate,8
crypto/sha1,Sum,8
debug/elf,Open,7
net,LookupIP,7
syscall,Dir.Null,7
syscall,Bind,7
cmd/compile/internal/gc,Nodconst,7
bytes,Buffer.ResetTimer,7
syscall,Socket,7
crypto/tls,Listen,7
syscall,NsecToTimespec,7
flag,Uint64Var,7
io,MultiReader,7
crypto/tls,X509KeyPair,7

io,WriteCloser.Close,7
strings,IndexFunc,7
os/user,Lookup,7
sort,Reverse,7
image,NewGray,7
bytes,LastIndex,7
flag,Set,7
math,Hypot,7
hash/fnv,New32a,7
net/textproto,MIMEHeader.Set,7
os,StartProcess,7
crypto/des,NewCipher,7
clive/cmd,SetEnv,7
crypto,RegisterHash,7
strings,SplitAfter,7
net/http,ServeContent,7
os,Geteuid,7
bytes,HasSuffix,7
time,Time.Sub,7
crypto/rsa,SignPKCS1v15,7
net,FileConn,7
encoding/xml,NewEncoder,7
math,Atan2,7
os,ExpandEnv,7
io,Reader.Read,7
crypto/x509,MarshalECPrivateKey,7
os/signal,Stop,7
unicode/utf16,Decode,7
net,ListenTCP,7
net/http,StripPrefix,7
syscall,Dir.Marshal,7
math/big,Int.Bytes,7
cmd/compile/internal/gc,Agen,7
os,ErrorString,7
net,ResolveIPAddr,7
syscall,Dup2,7
encoding/binary,Size,7
internal/testenv,SkipFlakyNet,7
testing,AllocsPerRun,7
runtime,Goexit,7
math,Log,7
archive/zip,NewReader,7
time,Time,7
encoding/json,Indent,7
html/template,ParseFiles,6
syscall,Getpagesize,6
syscall,Getrlimit,6
delay,Millisec,6
crypto/elliptic,Marshal,6
compress/flate,NewWriter,6
unicode/utf8,ValidRune,6
net/http/cookiejar,New,6
runtime/debug,FreeOSMemory,6
runtime,Breakpoint,6
cmd/link/internal/ld,Addaddrplus,6
image/jpeg,Encode,6
bufio,NewReaderSize,6
go/constant,MakeInt64,6
encoding/pem,EncodeToMemory,6
jarvis/util,Check,6
compress/flate,NewReader,6
encoding/hex,EncodedLen,6
sync/atomic,StoreInt64,6
clive/cmd,Dprintf,6
sync/atomic,LoadPointer,6
net/http/httputil,DumpRequest,6
go/build,IsLocalImport,6
crypto/hmac,Equal,6
unicode,IsPrint,6
reflect,Value.Interface,6
encoding/xml,MarshalIndent,6
testing,Benchmark,6
unicode,In,6
go/types,NewPointer,6
archive/zip,FileInfoHeader,6
net,Listener.Accept,6
math,Pow10,6
math,Copysign,6
os,FindProcess,6
math/big,Int.Sub,6
runtime/internal/atomic,Load,6
net,IP.To4,6
go/printer,Fprint,6
net/rpc,NewClient,6
bytes,TrimPrefix,6
net,FileListener,6
os,SameFile,6
unicode/utf8,FullRune,6
crypto/x509,MarshalPKIXPublicKey,5
math,Log10,5
os/user,LookupId,5
net/rpc,DialHTTP,5
regexp,QuoteMeta,5
net/http,ListenAndServeTLS,5
runtime/internal/atomic,Loaduintptr,5
io,ReadAtLeast,5
runtime/internal/atomic,Load64,5
encoding/binary,PutUvarint,5
archive/tar,FileInfoHeader,5
math,Acos,5
syscall,SetNonblock,5
net/http,HandlerFunc.ServeHTTP,5
runtime/pprof,WriteHeapProfile,5
net/http,ReadRequest,5
sort,SearchStrings,5
io,Closer.Close,5
math/rand,ExpFloat64,5
utf8,DecodeRuneInString,5
reflect,Select,5
appengine/urlfetch,Client,5
compress/zlib,NewReader,5
bytes,Buffer.Grow,5
cmd/compile/internal/gc,Fatal,5
encoding/asn1,Unmarshal,5
expvar,NewString,5
sort,IntSlice,5
storage,FolderExists,5
clive/dbg,FlagPrintf,5
dfss/dfssc/common,MockViper,5
syscall,NsecToFiletime,5
strings,Map,5
syscall,Setrlimit,5
unicode/utf8,Valid,5
syscall,Handle,5
syscall,UnixRights,5

text/scanner,Scanner.Peek,5
reflect,Value.IsValid,5
sort,StringSlice.Sort,5

encoding/xml,Escape,5
os,LookupEnv,5
net/rpc,NewClientWithCodec,5
sync/atomic,CompareAndSwapUint32,5
syscall,Chroot,5
math/big,Int.Rsh,5
runtime,Callers,5
runtime/debug,SetGCPercent,5
expvar,Get,5
time,Time.Unix,5
syscall,Getsockname,5
crypto/elliptic,Unmarshal,5
net/smtp,Dial,5
image,NewGray16,5
syscall,Getfsstat,5
math/big,Int.Int64,5
net,DialUDP,5
net/http/httputil,DumpResponse,5
math/big,Int.SetInt64,5
cmd/compile/internal/gc,Bitno,4
syscall,UtimesNano,4
syscall,Mprotect,4
encoding/binary,PutVarint,4
cmd/link/internal/ld,Elfinit,4
os/signal,Ignore,4
image,NewNRGBA64,4

io,Reader,4
hyperdex/client,NewClient,4
syscall,Getpid,4
syscall,Lstat,4
cmd/internal/obj,Getgoextlinkenabled,4
syscall,DnsRecordListFree,4
bytes,Fields,4
net/http,Dir,4
container/vector,Vector.Len,4
unicode/utf8,DecodeLastRune,4
syscall,ParseSocketControlMessage,4
math/big,Int.SetBytes,4
go/token,Pos.IsValid,4
math/rand,NormFloat64,4
sort,Float64Slice,4
encoding/base64,NewEncoder,4
go/scanner,Scanner.Init,4
math,Asin,4
go/scanner,Scanner.Scan,4
asn1,ObjectIdentifier,4
encoding/json,Compact,4
syscall,ParseUnixRights,4
cmd/compile/internal/gc,Fatalf,4
jvmgo/ch05/instructions/base,Branch,4
crypto/elliptic,P224,4
syscall,DnsQuery,4
syscall,PtraceGetEventMsg,4
sync/atomic,CompareAndSwapPointer,4
appengine/datastore,AllocateIDs,4
crypto/des,NewTripleDESCipher,4
appengine/datastore,Put,4
cmd/internal/obj,Addr.errorf,4
text/scanner,Scanner.Next,4
hash/fnv,New64,4
runtime/internal/atomic,Xchg,4
io,Writer.WriteHeader,4

unicode,SimpleFold,4

syscall,Seek,4
appengine,IsDevAppServer,4
syscall,Geteuid,4
net,InterfaceByIndex,4
bytes,Buffer.WriteTo,4
fmt,Scan,4
go/parser,ParseDir,4
encoding/gob,RegisterName,4
crypto,Hash.New,4
regexp,FindStringSubmatch,4
debug/macho,NewFile,4
util,SendHeaders,4
syscall,MustLoadDLL,4
net/url,User,4
jarvis/log,Trace,4
cmd/internal/obj,Addrel,4
encoding/csv,NewWriter,4
mime,FormatMediaType,4
crypto/x509,ParsePKIXPublicKey,4
utf8,RuneStart,4
net/url,URL.Query,4
hash/crc32,ChecksumIEEE,4
storage,SubscriptionExists,4
syscall,Socketpair,4
net/http/pprof,Handler,4
encoding/binary,ByteOrder.Uint64,4
syscall,Getenv,4
syscall,GetAdaptersInfo,4
crypto/x509,ParseECPrivateKey,4
net,Conn.Assert,4

math,Modf,4
time,ForceZipFileForTesting,4
os,Errno,4
text/template/parse,Parse,4
appengine/datastore,NewQuery,4
reflect,Value.Call,4
crypto/ecdsa,Sign,4
go/ast,NewCommentMap,4
syscall,Uname,4

clive/cmd,UnixIO,4
context,Background,4
cmd/internal/obj,Boffset,4
math/big,Int.SetString,4
cmd/internal/obj,Bool2int,4
cmd/compile/internal/gc,Samereg,4
go/build,ImportDir,4
cmd/link/internal/ld,Rnd,4
syscall,ParseRoutingMessage,4
syscall,Wstat,4


os,Getpagesize,4
os,Getppid,4
net/smtp,PlainAuth,4
regexp,MustCompilePOSIX,4
appengine/datastore,NewKey,4
cmd/link/internal/ld,Adddynsym,4

syscall,Fstat,4
flag,Int64Var,4
cmd/link/internal/ld,Codeblk,3

strconv,Btoui64,3
hacktunnel/config,C,3
crypto/x509,ParseCertificateRequest,3
utf16,Decode,3
hash/crc32,NewIEEE,3
jarvis/util,HttpGet,3
cmd/internal/pprof/symbolizer,Symbolize,3
cmd/internal/pprof/symbolz,Symbolize,3
cmd/compile/internal/gc,Linksym,3
cmd/compile/internal/gc,Clearp,3
flag,VisitAll,3
syscall,Sync,3
flag,Uint64,3
net/http,Server.ListenAndServeTLS,3

http,ParseURL,3
log/syslog,Priority,3
syscall,Chown,3
sync/atomic,CompareAndSwapInt64,3
encoding/binary,ReadUvarint,3
bytes,TrimLeft,3
net,IPMask,3
net/http/httptest,Server.Start,3
runtime,RaceReadRange,3
syscall,Sysinfo,3

clive/zx/fstest,MkTree,3
go/ast,NewScope,3
net,InterfaceAddrs,3
compress/zlib,NewWriter,3
database/sql,Register,3
path/filepath,VolumeName,3
crypto/cipher,NewCBCDecrypter,3
image/png,Decode,3
cmd/link/internal/ld,Asmelfsym,3

net/http,Client.PostForm,3
unicode,IsNumber,3

image,Pt,3
cmd/compile/internal/gc,Gvardef,3
syscall,Fwstat,3
bytes,Count,3
url,Parse,3
math,Mod,3
html/template,HTMLEscapeString,3
reflect,Value.IsNil,3
crypto/x509,ParseCertificates,3
reflect,Value.Kind,3
go/format,Node,3
net,Conn.SetDeadline,3
crypto/tls,DialWithDialer,3
errors,Len,3
net,Pipe,3
cmd/internal/obj,Bseek,3
syscall,ForkExec,3
net/http/httptest,Server.Close,3
encoding/binary,Varint,3
hash/crc32,MakeTable,3
cmd/link/internal/ld,Be32,3
cmd/compile/internal/gc,Agenr,3
crypto/rsa,VerifyPKCS1v15,3
cmd/internal/pprof/driver,PProf,3
bufio,NewReadWriter,3
sync,Locker.Lock,3
jarvis/data,Get,3
sync,Locker.Unlock,3
syscall,Setuid,3
math,Atan,3
crypto/tls,NewLRUClientSessionCache,3
clive/zx/zux,NewZX,3
syscall,Flock,3
crypto/x509,DecryptPEMBlock,3
syscall,CmsgSpace,3
net/rpc,RegisterName,3
stm32/hal/system,Setup,3
crypto/sha512,Sum512,3
net/url,UserPassword,3
math,Cbrt,3
time,Time.UnmarshalBinary,3
cmd/internal/obj,Bputc,3
flag,Parsed,3
container/heap,Fix,3
time,Time.MarshalBinary,3
reflect,Value.Set,3
crypto/tls,Config.BuildNameToCertificate,3
mime/multipart,NewReader,3
net,Conn.Fatalf,3
unicode/utf16,Encode,3
time,Time.Round,3
net/http/httputil,DumpRequestOut,3
reflect,Type.Fatalf,3
syscall,RouteRIB,3
math/big,NewFloat,3
net/http,ProxyURL,3
go/types,NewTuple,3
net,HardwareAddr,3
debug/elf,NewFile,3

cmd/link/internal/ld,Elfemitreloc,3
time,Time.String,3
go/types,NewPackage,3
sync/atomic,SwapInt64,3
math/rand,Int63n,3
syscall,CloseHandle,3
syscall,Getrusage,3
appengine,BlobKey,3
crypto/cipher,NewCBCEncrypter,3
sampledata,CheckTile,3
math,Log2,3
crypto/tls,NewListener,3
unicode/utf16,DecodeRune,3
fmt,EXPECT,3
cmd/link/internal/ld,Cwrite,3
strings,TrimLeftFunc,3
go/types,ObjectString,3
unicode/utf16,IsSurrogate,3
unicode,IsOneOf,3
time,Time.Read,3
bytes,Buffer.Flush,3
crypto/ecdsa,Verify,3
math/big,Int.Exp,3
net/http,Server.ListenAndServe,3
bytes,Buffer.Set,3
net,IP.Equal,3
cmd/link/internal/ld,Asmbelf,3

go/types,Identical,3
cmd/compile/internal/gc,Brrev,3
jarvis/data,Set,3
time,Time.Format,3
cmd/link/internal/ld,Le32,3
runtime,RaceReleaseMerge,3
sync,Pool.Put,3
log/syslog,New,3
net,LookupHost,3
strings,SplitAfterN,3
io,ReaderAt.ReadAt,3
testing/quick,Value,3
stm32/hal/system/timer/rtc,Setup,3
syscall,Write,3
runtime,RaceAcquire,3
hash/fnv,New32,3
reflect,SliceOf,3

net/http,ReadResponse,3
appengine/datastore,Time,3
sync,Cond.Broadcast,3

runtime,RaceWriteRange,3
syscall,ParseRoutingSockaddr,3
sync,Pool.Get,3

os,Lchown,3
cmd/link/internal/ld,Asmbelfsetup,3
syscall,Mknod,3
syscall,Getpeername,3
crypto,Hash,3
syscall,UTF16FromString,3
net/rpc,NewServer,3
time,Time.UnmarshalText,3
os,FileInfo.IsDir,2
net/http/httputil,NewSingleHostReverseProxy,2
cmd/internal/obj,Bterm,2
runtime,GostringW,2
os,NewMockFileInfo,2
common,MakeClientFromCtx,2
net/url,Values.Get,2
readline,Readline,2
io,ByteReader.ReadByte,2
net,IP.IsLinkLocalUnicast,2
net,DialTCP,2
flag,FlagSet.Args,2
syscall,GetStdHandle,2

runtime/internal/atomic,Cas,2
sync/atomic,LoadUint64,2

clive/zx,HasPrefix,2
compress/lzw,NewWriter,2
dfss/dfssc/common,FindNextIndex,2
syscall,WaitForSingleObject,2
hash/adler32,New,2
sync/atomic,StoreUint64,2

clive/zx,GetAll,2
runtime,Gostringnocopy,2
clive/cmd,Fatal,2
cmd/compile/internal/ssa,NewConfig,2
cmd/link/internal/ld,Dwarfblk,2
syscall,Getpgid,2
go/types,TypeString,2
cmd/asm/internal/arch,IsPPC64RLD,2
cmd/link/internal/ld,Linkrlookup,2

log/syslog,NewSyslogHook,2
html,UnescapeString,2
crypto,Hash.Available,2
math/big,Float.Set,2

crypto/dsa,GenerateParameters,2
unicode/utf8,RuneCount,2
cmd/internal/obj,RegisterOpcode,2
text/scanner,Scanner.Init,2
strconv,AtofN,2
os/exec,Cmd.Run,2
schema/yang,LoadModuleFromByteArray,2
context,WithTimeout,2
syscall,Setenv,2
html/template,JSEscape,2
net,IPNet.String,2
crypto/cipher,NewGCM,2
dfss/dfssc/security,NewAuthContainer,2
sort,IntsAreSorted,2
cmd/internal/obj,Bopenw,2
io,NewSectionReader,2
net/url,URL.Parse,2
utils,PrintPanicStack,2
runtime,SetBlockProfileRate,2
net,ListenUnixgram,2

net/mail,ReadMessage,2
syscall,Setxattr,2
bytes,Buffer.Close,2
runtime/internal/atomic,Store64,2

expvar,Func,2
syscall,Dup,2
hash,Hash.Write,2
monitor/service/online,GetCurrentTime,2


crypto/openpgp/error,UnsupportedError,2
os,Getgid,2
testing/iotest,OneByteReader,2
reflect,NewValue,2
strings,LastIndexByte,2
crypto/cipher,NewCTR,2
syscall,Create,2
os,Instances,2
os,Zones,2
storage,FeedByURL,2
fmt,ExitFunc,2

log,Warningf,2
cmd/compile/internal/gc,Mgen,2
hub/core,Login,2
cmd/link/internal/ld,Machoinit,2
net/textproto,NewConn,2
clive/net,MuxDial,2
syscall,OpenProcess,2
net/textproto,TrimString,2
htrace/common,NewLogger,2
go/constant,MakeBool,2
debug/macho,Open,2
syscall,Kevent,2
clive/cmd,Out,2
crypto/dsa,GenerateKey,2
htrace/conf,Builder.Build,2
storage,IsFolderDuplicate,2

cmd/link/internal/ld,Addpcrelplus,2

commoncli,Upload,2
flag,FlagSet.Parse,2
go/scanner,ErrorList.Len,2
clive/zx,Suffix,2
reflect,Value.Field,2
rss,UnmarshalStream,2

unicode/utf8,RuneStart,2
git,ConfiguredInt32,2
internal/syscall/windows/registry,OpenKey,2
regexp,SubexpNames,2
image,RegisterFormat,2

stm32/hal/system/timer/systick,Setup,2

appengine/delay,Func,2
clive/cmd,SetIn,2
tour/tree,New,2
syscall,Setreuid,2
time,Time.UTC,2
cmd/compile/internal/gc,Rnd,2
regexp/syntax,Compile,2
sync/atomic,StorePointer,2
clive/cmd/opt,New,2
net/http,RoundTripper.RoundTrip,2
syscall,Sendfile,2
regexp/syntax,Parse,2
syscall,GetLastError,2
net/rpc,Register,2
net/http,Client.Post,2
math,Ldexp,2
syscall,Pread,2
cmd/internal/obj,Brchain,2

storage,IsFeedAvailable,2
jvmgo/ch08/rtda/heap,LookupMethodInClass,2
syscall,WaitStatus,2
clive/net/auth,ChallengeResponseOk,2
runtime,SetCgoTraceback,2
http,Handle,2
log,Warning,2
image,Image.Bounds,2
clive/ns,Parse,2

cmd/compile/internal/gc,CgenTemp,2
net/textproto,NewReader,2
image,NewColorImage,2
util,StopWatch.GetElapsed,2
time,Val,2
jvmgo/ch09/rtda/heap,LookupMethodInClass,2
clive/ch,NewPipePair,2
internal/testenv,SkipFlaky,2
crypto/tls,Server,2

time,Time.Before,2
time,Duration.Reset,2
cmd/internal/obj,RegisterRegister,2
net/http,Flusher.Flush,2
math/rand,Read,2
cmd/compile/internal/gc,Naddr,2
go/ast,SortImports,2
cmd/asm/internal/arch,IsARMSTREX,2
runtime,GCMask,2
os,FileInfo.Mode,2
go/types,NewMethodSet,2
cmd/compile/internal/gc,Nodbool,2
cmd/compile/internal/gc,Dump,2
strconv,UnquoteChar,2
syscall,Connect,2
go/ast,FileExports,2
crypto/x509,ParsePKCS8PrivateKey,2

flag,Float64Var,2
cmd/compile/internal/ssa,Compile,2
clive/net,TLSCfg,2

syscall,PivotRoot,2
image,NewPaletted,2
cmd/link/internal/ld,Cput,2
reflect,Value.SetMapIndex,2

net/http/httptest,Server.CloseClientConnections,2
math/big,Int.Bits,2

runtime/pprof,Lookup,2
sync/fence,Compiler,2
unicode,IsGraphic,2
net,Contains,2
cmd/internal/obj,Nopout,2
dfss/net,Connect,2
compress/gzip,NewWriterLevel,2
cmd/compile/internal/gc,Isconst,2
cmd/link/internal/ld,Addaddr,2
text/template,FuncMap,2
debug/elf,Class,2
math/big,Float.Int,2
font,New,2
context,WithCancel,2
syscall,GetIfEntry,2

unsafe,Alignof,2
path,IsValid,2
clive/cmd,Exit,2
time,Time.Kind,2
rtos,Nanosec,2
restic,NewArchiver,2

compress/lzw,NewReader,2
log/syslog,Dial,2
restic,Node.Equals,2
crypto/ecdsa,PublicKey.Type,2
runtime/internal/atomic,Cas64,2
template,New,2
syscall,RegCloseKey,2
foo,HelloWorld,2
util,CopyFile,2
syscall,LocalFree,2
syscall,GetVersion,2
jvmgo/ch08/instructions/base,InvokeMethod,2
time,Time.In,2
net,Conn.LocalAddr,2
text/scanner,Scanner.Scan,2
cmd/internal/obj,Bwritestring,2
time,Err,2
jvmgo/ch09/instructions/base,InvokeMethod,2
appengine/mail,Send,2
image/jpeg,Decode,2
syscall,Pipe,2
runtime/internal/atomic,Loadp,2
mojom/generators/go/gofmt,FormatFragment,2
bytes,Buffer.Read,2
syscall,CommandLineToArgv,2
util,BitMask.Add,2

go/types,NewSignature,2
crypto/subtle,ConstantTimeSelect,2

utf8,EncodeRune,2
cmd/link/internal/ld,Asmplan9sym,2
controllers/utils,GetSimulationDataSlice,2
jvmgo/ch07/instructions/base,InvokeMethod,2
net,ResolveUnixAddr,2
time,Time.Set,2


database/sql,Result.LastInsertId,2
unicode,ToTitle,2
syscall,GetEnvironmentVariable,2
syscall,GetTempPath,2
bytes,Runes,2
cmd/compile/internal/ssa,NewHTMLWriter,2
flag,NFlag,2

syscall,GetCommandLine,2
cmd/compile/internal/gc,Mfree,2
go/doc,Examples,2
net/http,Cookie.String,2
syscall,FcntlFlock,2
syscall,Unshare,2

syscall,WaitStatus.ExitStatus,2
go/ast,Expr.Pos,2
template,Must,2
hash,Hash.Reset,2
cmd/link/internal/ld,Exitf,2
net,Conn.RemoteAddr,2
crypto/elliptic,GenerateKey,2
fmt,EnterFunc,2
container/heap,Remove,2
OSAG/capture/config,ParseFile,2
appengine/blobstore,Delete,2
debug/macho,LoadCmd,2
syscall,Pwrite,2
unicode/utf16,EncodeRune,2
clive/cmd,AppCtx,2
clive/net,MuxServe,2
syscall,Event.Wait,2
storage,WebToFeedURL,2
syscall,GetShortPathName,2
go/token,Lookup,2
math/big,Float.SetMode,2
crypto/cipher,NewCFBEncrypter,2
reflect,AppendSlice,2
crypto/cipher,NewCFBDecrypter,2
cmd/compile/internal/gc,Is64,2
syscall,GetLongPathName,2
go/scanner,PrintError,2
cmd/link/internal/ld,Ldmain,2
http,HandleFunc,2
sync,Cond.Wait,2
net/http,ParseHTTPVersion,2
clive/cmd,Cd,2
go/types,NewSlice,2
os,FileInfo.Size,2
math/big,Word,2



hub/core,LoadUser,1








syscall,SetsockoptIPMreq,1

syscall,Setresuid,1



syscall,Syscall12,1


strconv,Btoi64,1


dep,F,1


















crypto/rsa,DecryptOAEP,1














exec,NewPager,1







sync,Cond.Signal,1
os,FileInfo,1



net/url,IsAbs,1




cmd/compile/internal/gc,Prog,1







syscall,GetHostByName,1

testing/iotest,TimeoutReader,1
appengine/blobstore,ParseUpload,1
container/list,PushBack,1
sqlpaxos,Open,1
syscall,Chmod,1
util,EmbedWide,1


logging,NewSimpleLogger,1
http,ParseQuery,1







sync,Mutex.Bounds,1
runtime,TestSchedLocalQueueSteal1,1
net/url,Query,1

syscall,Lchown,1
syscall,NewCallbackCDecl,1

cmd/internal/obj,Dconv,1



monitor/service/online,SetCurrentTime,1
dfss/dfssp/api,NewPlatformClient,1

OSAG/util,TunnelInfos,1
circuit/use/circuit,TryDial,1
dfss/dfssp/templates,MailConn,1



url,ParseQuery,1

cmd/compile/internal/arm64,Main,1


image/gif,EncodeAll,1









bytes,Buffer.DeleteAny,1
syscall,Getsockopt,1
syscall,Listen,1


util,BitMask.Format,1
ActivedRouter/gopsutil/internal/common,DoSysctrl,1
go/doc,ToHTML,1
util,NewPriorityQueueWithWaitLimit,1


examples/echo/echo,NewEchoProxy,1

net,Conn.Fatal,1
crypto/rsa,PublicKey.nistID,1


mapreduce,Distributed,1



syscall,FreeEnvironmentStrings,1
net/http,Client.ServerVersion,1






strconv,QuoteToASCII,1
time,Time.AddDate,1










io,ReadWriteCloser.Close,1
appengine,Timeout,1

go/constant,Float32Val,1



clive/cmd,Stat,1










lockservice,MakeClerk,1
log,Flags,1



hub/core,Logout,1



go/constant,Compare,1
clive/cmd,In,1




text/template,ParseGlob,1











bytes,Title,1


jvmgo/ch07/rtda/heap,LookupMethodInClass,1







net,LookupSRV,1




net/http,Transport.RunLambda,1


clive/zx/fstest,MkChgs2,1
syscall,WSAStartup,1


net/http,Transport.RunProvider,1



clive/zx/fstest,MkChgs,1




app/shared/view,New,1

crypto/sha256,New224,1
net/http/fcgi,Serve,1




syscall,Fchdir,1
unicode,IsPunct,1

container/list,Front,1

b,B,1
strings,LastIndexAny,1

text/scanner,Scan,1
io,ReadCloser.Next,1

jvmgo/ch07/instructions/base,InitClass,1
go/ast,IncDecStmt.Pos,1

storage,ArticleFilterFromJSON,1
storage,NewArticlePage,1
storage,DeleteTag,1

cmd/asm/internal/arch,Set,1
lib/gorilla/mux,Vars,1


runtime/internal/atomic,Xchg64,1
runtime,Mmap,1


math,Frexpi32,1
math,Frexpi,1

jvmgo/ch08/rtda/heap,GoString,1
circuit/c/source,NewLayout,1
net/http,Header.Del,1
syscall,Recvmsg,1
sync/atomic,Value.InitChecksum,1



logic,RegisterCommentObject,1
net,IPv4Mask,1

runtime,GoroutineProfile,1
net,ListenUnix,1

appengine/aetest,NewContext,1
monitor/service/tcp,StartTcpService,1
http,URLEscape,1
io,Reader.startBackgroundRead,1

restic,NewCache,1
gofpod/objects,ReadPdfFileHeader,1
strconv,IsPrint,1
unicode,IsControl,1
git,ConfiguredBool,1
syscall,Fsync,1




net/http,Request.Write,1


syscall,CmsgLen,1




encoding,BinaryMarshaler,1
OSAG/goProbe,DeleteDPI,1
clive/cmd,Lines,1
clive/cmd/wr/frmt,Words,1








cmd/compile/internal/gc,Bgen,1
syscall,Fchown,1








cmd/asm/internal/arch,IsAMD4OP,1

log,SetRotateByDay,1

restic,NewTree,1
cmd/asm/internal/arch,IsARMCMP,1
crypto/ripemd160,New,1






internal/syscall/windows/registry,LoadRegLoadMUIString,1
net/http,NewStreamingClient,1
bytes,Buffer.Extract,1
circuit/kit/posix,Exec,1









storage,SubscriptionRefFromJSON,1




fmt,EnterFuncLit,1
storage,Unsubscribe,1
storage,RenameSubscription,1

sqlpaxos,ExecuteSQL,1
cmd/asm/internal/arch,IsARMMRC,1
reflect,MapOf,1
rtos,Debug,1





jarvis/log,Info,1
go/doc,ToText,1
dtog,StartSync,1


testing,Main,1
net,LookupTXT,1



restic,NodeFromFileInfo,1


math/big,Int.To16,1





go/build,IsCommand,1
syscall,FreeLibrary,1
reflect,StructTag,1
go/doc,Synopsis,1
tokenizer,Tokenize,1
runtime/debug,SetMaxThreads,1
warcluster/entities/db,InitPool,1
crypto/ecdsa,PublicKey.nistID,1
encoding/base64,MOCK,1
syscall,Dup3,1

syscall,EpollCreate1,1




syscall,WaitStatus.Exited,1

ufop,NewServer,1
table,LoadServiceTable,1









dfss/dfssc/common,SubViper,1
util,BitMask.Parse,1



helper,SendChan,1
syscall,TerminateProcess,1
backends,GetBackends,1






go/importer,For,1

go/constant,Imag,1
storage,RenameFolder,1



syscall,Entersyscall,1

writer,GetWriter,1






log,Error,1

rbt,New,1
util,StopWatch.Reset,1
lib,Func,1
























ook,Quantify,1
pkg/html,NewHTMLPreprocessor,1
dfss/mgdb,NewManager,1




types,LoadTypes,1
net/http,Transport.RoundTrip,1
io,WriterTo,1




OSAG/goDB,NewDBSummary,1
OSAG/goProbe,NewCaptureManager,1





go/constant,MakeString,1



storage,SetProperty,1
storage,SetTags,1
runtime/internal/atomic,Casp1,1

storage,Subscribe,1

go/ast,MergePackageFiles,1

bytes,Buffer.IsOpen,1
syscall,EpollWait,1

internal/testenv,MustHaveExec,1

ActivedRouter/gopsutil/internal/common,StringsHas,1
text/scanner,Init,1














dfss/dfssp/authority,Initialize,1






cmd/compile/internal/big,Float.Float64,1


net,LookupMX,1
net/http,Response.Write,1






net,LookupNS,1
reflect,Type.In,1







cmd/asm/internal/arch,ARMConditionCodes,1


go/constant,BoolVal,1
html/template,CSS,1
strconv,Itob,1

runtime,init,1
net/smtp,SendMail,1


cmd/asm/internal/arch,IsPPC64CMP,1
clive/cmd,VWarn,1

cmd/asm/internal/arch,ARMMRCOffset,1
cmd/asm/internal/arch,IsARMMULA,1




math,Frexp,1

os/exec,Cmd.Start,1
go/types,RelativeTo,1
restic,LoadTree,1
cmd/asm/internal/arch,IsARM64STLXR,1
encoding/json,MOCK,1
go/doc,Mode,1


container/vector,Vector.At,1
path/filepath,WalkFunc,1
colors/broken,broken,1
sort,SearchInts,1
examples/echo/echo,EchoString,1



time,Time.Index,1
crypto/dsa,Verify,1
time,Time.Len,1

encoding/base64,NewEncoding,1
net,Addr.String,1


provider/utils,NewImagesTabWriter,1
syscall,LoadSetFileCompletionNotificationModes,1

crypto/sha512,New384,1



go/types,NewVar,1




io,ReaderAt,1







stm32/hal/system,Setup32,1




syscall,Setgid,1

net/textproto,MIMEHeader.Add,1


image/gif,DecodeAll,1
syscall,Getuid,1














syscall,Getwd,1

net/http,Client.DialWithConfig,1
net/http,Transport.RunInit,1





syscall,Ntohs,1


syscall,SysctlUint32,1
cmd/pprof/internal/plugin,StandardUI,1
math,Sincos,1
math/big,Int.Set,1





appengine/channel,Create,1

sqlpaxos,CommitTxn,1
math/big,Float.SetPrec,1







clive/ch,NewConn,1
http,ParseURLReference,1





genericsmrproto,Propose.Marshal,1





net/http,Head,1


clive/zx,GetDir,1

syscall,LoadLibrary,1


helper,PrintPanicStack,1



encoding/asn1,Marshal,1





jvmgo/ch09/rtda/heap,InternString,1

strings,LastIndexFunc,1
syscall,Setresgid,1










logic,GetLogger,1






syscall,Fchmod,1


log,Errorf,1

log,Infof,1
circuit/exp/shuttr/config,Read,1




reflect,Value.Elem,1
log,SetHighlighting,1


floe/workflow/flow,MakeWorkflow,1
rss,ExtractRSSLink,1






storage,IsSubscriptionDuplicate,1
clive/cmd,LookPath,1














syscall,GetTimeZoneInformation,1
url,QueryEscape,1
math/big,Int.Lsh,1





util,StopWatch.Start,1



dfss/dfssp/authority,NewTTPHolder,1


cmd/compile/internal/arm,Main,1
sqlpaxos,Close,1
testing,T.Failed,1
clive/cmd,SetEnvList,1
parser,Compiler.Parse,1




math/big,Int.Abs,1





storage,CreateFolder,1



http,HandlerFunc,1
sqlpaxos,StartServer,1

debug/pe,Open,1
reflect,Value.Convert,1





kafka,NewBrokerConsumer,1
strings,TrimRightFunc,1







dfss/dfssc/common,FileExists,1
runtime,RaceRead,1
sqlpaxos,BeginTxn,1
net,Interface,1


clive/cmd,ForkIO,1
clive/cmd,Dir,1


runtime,TestSchedLocalQueue1,1
go/constant,Float64Val,1






dfss/dfssc/common,EvaluateErrorCodeResponse,1




runtime,RaceRelease,1
text/scanner,TokenText,1
jvmgo/ch03/classfile,Parse,1
mime/multipart,File.Close,1
clive/cmd,ForkNS,1




clive/cmd,GetEnv,1

net,Listener.Addr,1



cmd/asm/internal/arch,IsMIPS64CMP,1



net/http,Handler,1
cmd/asm/internal/arch,IsARMFloatCmp,1













warcluster/config,Config.Load,1

net/rpc,HandleHTTP,1

cmd/asm/internal/arch,IsPPC64NEG,1


















go/types,AssignableTo,1
syscall,Sendmsg,1



fmt,Format,1






path,Match,1
fmt,Escape,1
log,SetLevel,1
net/url,RequestURI,1

shared,NewSharedServiceClientFactory,1

hash,New,1

jvmgo/ch08/instructions/base,Branch,1

crypto/elliptic,Curve.ScalarMult,1
syscall,GetsockoptICMPv6Filter,1

net/http,Client.Handshake,1

log,SetRotateByHour,1
floe/workflow/flow,MakeParams,1
syscall,WSAEnumProtocols,1






syscall,Exit,1


syscall,Select,1
syscall,SchedNext,1
dfss/dfssp/authority,Start,1

proto,RegisterSnowflakeServiceServer,1

encoding/binary,ByteOrder.Uint16,1

net/rpc,Accept,1

go/types,NewInterface,1
go/types,NewArray,1
go/types,Object.Object,1
dfss/dfssp/templates,Get,1

cmd/link/internal/ld,Asmbmacho,1

cmd/compile/internal/gc,Componentgen,1
cmd/compile/internal/gc,Ginscall,1
syscall,Remove,1
net,IP.IsUnspecified,1
syscall,GetServByName,1
dfss/dfssc/common,GetPendingSet,1
text/scanner,Peek,1
net/http,ParseTime,1
image/color,YCbCrToRGB,1


dfss/auth,PEMToCertificateRequest,1
appengine/cloudsql,Dial,1
cmd/compile/internal/gc,Nodintconst,1
cmd/internal/obj,Getgoarch,1
hash/crc32,Checksum,1
syscall,StringByteSlice,1


logic,RegisterLikeObject,1
frp/utils/conn,Listen,1
http,URLUnescape,1
log,SetLevelByString,1
encoding/hex,Dump,1
net/http,Transport.RunTimer,1


bitfx/btcchina,New,1
fmt,DoesNotExist,1


io,Seeker,1
net/http,MaxBytesReader,1

crypto/elliptic,Curve.IsOnCurve,1

cmd/compile/internal/ppc64,Main,1



os,Truncate,1
url,ParseWithReference,1

bytes,Buffer.seekFirst,1
util,TwoDimSplit,1
io,Writer,1

container/vector,Vector.Push,1
syscall,FullPath,1
io,Closer,1






net/smtp,NewClient,1

appengine/aetest,NewInstance,1
net/http,Client.Services,1


appengine/blobstore,UploadURL,1
storage,DeleteFolder,1
sort,Interface,1





time,Duation,1



encoding/xml,StartElement,1
encoding/xml,CharData,1
utf8,DecodeRune,1

net/http/httputil,NewProxyClientConn,1

clive/sre,Match,1






net/http/httputil,NewChunkedWriter,1




net,TCPAddr.String,1
cmd/link/internal/ld,Machoemitreloc,1
net,IP.IsMulticast,1


internal/race,ReleaseMerge,1
syscall,Kqueue,1



cmd/compile/internal/gc,Sysfunc,1

syscall,RegOpenKeyEx,1
net/http,FileSystem.Open,1

go/constant,Real,1
encoding/xml,StartElement.Copy,1



dfss/dfsst/entities,GetIndexOfSigner,1








mapreduce,Sequential,1
go/constant,BinaryOp,1






gamedata,Reload,1

stm32/hal/system,Setup168,1
time,Time.Second,1
dfss/dfsst/entities,Promise.Equal,1

arch/cortexm,ClearPRIMASK,1
time,Time.Ptr,1

lib,Type.Method,1
exec,Command,1
net,LookupAddr,1

libB,Speak,1
unicode,IsMark,1

log,Info,1
rtos,SleepUntil,1












net/rpc,Dial,1










cmd/internal/obj,Setuintxx,1




crypto/cipher,Block.Encrypt,1







syscall,GetEnvironmentStrings,1



html/template,Execute,1



cmd/internal/obj,Writeobjdirect,1
runtime,RunSchedLocalQueueTest,1
lru4,NewCache,1





syscall,NsecToTimeval,1


restic/repository,New,1
go2o/core/infrastructure/iface/aliyu,SendSms,1
syscall,Mlockall,1
net/textproto,CanonicalMIMEHeaderKey,1



crypto/rsa,PublicKey.Params,1

libgitcomment,VersionCheck,1

hash,Hash.Sum32,1
clive/cmd,ForkEnv,1

cmd/internal/obj,Linknew,1
runtime/internal/atomic,Xadd64,1


log,Logger.Printf,1

syscall,Errstr,1
database/sql/driver,Value,1
time,Timer.Reset,1


go/doc,New,1
commoncli,Download,1



tutorial,NewWork,1








gamesvc/gameuser,Start,1





log,Exitf,1
http,Serve,1

backends,GetBackend,1

go/ast,NewObj,1
strconv,AppendQuote,1
bytes,EqualFold,1
syscall,SetEnvironmentVariable,1




bits,Make32,1



image,NewAlpha,1

syscall,GetProtoByName,1





storage,MoveSubscription,1







math/big,Rat.SetString,1

gamesvc/charinit,Start,1
syscall,EpollCtl,1





syscall,WaitStatus.Signaled,1




utf8,NewString,1



syscall,PtraceCont,1







unicode,IsTitle,1

crypto/rsa,EncryptOAEP,1
hub/core,Raid,1
circuit/exp/shuttr/x/plain,NewDialer,1

syscall,LoadCancelIoEx,1


syscall,GetExitCodeProcess,1

OSAG/goDB,ReadDBSummary,1
commoncli,HandleHostRemove,1



cmd/link/internal/ld,Le16,1
OSAG/goProbe,InitDPI,1
hub/core,Free,1










net,IP.IsLoopback,1
encoding,BinaryUnmarshaler,1



sphelper/commandsxml,ReadCommandsFile,1


jvmgo/ch09/native,Register,1




cmd/compile/internal/mips64,Main,1
cmd/compile/internal/s390x,Main,1
cmd/compile/internal/x86,Main,1

log,SetOutputByName,1






math,Muldiv,1

util,NewQueue,1
util,StopWatch.Stop,1
arch/cortexm/bitband,Alias32,1
syscall,Fd2path,1






libC,Speak,1





image,DecodeConfig,1




io,ReadCloser.WriteTo,1









runtime,RaceWrite,1
runtime,RaceEnable,1
go/constant,Int64Val,1
runtime,RaceDisable,1





go/types,NewFunc,1

cfg,Reload,1


jarvis/data,JarvisUserId,1
monitor/service/online,SendTimeMessageToAll,1
dfss/dfssp/entities,NewUser,1

net/http,Transport.RunHook,1

bitfx/forex,CommunicateFX,1
time,Time.After,1

crypto/rsa,Validate,1
genericsmrproto,ProposeReplyTS.Unmarshal,1
go2o/core/infrastructure/format,FormatFloat,1
encoding/binary,Uvarint,1
net/http/internal,NewChunkedReader,1
runtime,NumCgoCall,1
time,Time.Scan,1
jvmgo/ch05/classpath,Parse,1
math/big,Int.Bit,1
dfss/auth,GeneratePrivateKey,1


clive/zx/fstest,ResetTime,1
io,Writer.String,1







io,CopyBuffer,1




dbus/com/deepin/dde/desktop,DestroyDesktop,1
math/big,Int.Or,1








jvmgo/ch05/classfile,Parse,1
syscall,Exitsyscall,1

syscall,PtraceSetOptions,1

sync/atomic,SwapInt32,1
testing,anyLowercaseName,1



syscall,Rmdir,1
appengine/datastore,Get,1
net/http/httptest,Server.StartTLS,1



regexp,CompilePOSIX,1



text/template,ParseFiles,1
optionalfieldstest,NewStructA,1


time,Time.Value,1
syscall,Readlink,1
OSAG/goDB,ModifyDBSummary,1












net,Dialer.DialContext,1


cmd/compile/internal/gc,Convlit,1
cmd/compile/internal/gc,Eqtype,1






cmd/compile/internal/gc,Simsimtype,1
cmd/compile/internal/gc,Warnl,1
template/parse,NewIdentifier,1




syscall,Access,1
appengine/memcache,Delete,1











jarvis/config,SlackAuthToken,1
cmd/asm/internal/arch,IsARM64CMP,1

oslice,NewIntSlice,1


clive/dbg,Warn,1



expvar,Do,1


appengine,AccessToken,1






math/big,Int.To4,1



cmd/compile/internal/riscv,Main,1
exec,CalculateDimensions,1
clive/zx,PutAll,1
dfss/dfssc/common,UnmarshalRecoverDataFile,1
hub/core,State,1

cmd/compile/internal/amd64,Main,1
bytes,Buffer.Delete,1

text/tabwriter,Flush,1


math,Nextafter,1

gojabberd/server,Start,1
crypto/dsa,Sign,1


go/constant,Value.Kind,1


syscall,Recvfrom,1
jvmgo/ch09/rtda/heap,GoString,1



net/http/httputil,NewChunkedReader,1
projects/onix/utils,GenerateSlug,1
internal/syscall/windows,GetAdaptersAddresses,1

syscall,WaitStatus.StopSignal,1






dbus/com/deepin/dde/desktop,NewDesktop,1
go/types,Object.Pos,1

monitor/service/http,StartHttpService,1
commoncli,HandleHostDownload,1

go/ast,NewPackage,1
image,NewYCbCr,1
url,QueryUnescape,1
stm32/hal/raw/tim,CEN,1
reflect,Type.AssignableTo,1

fmt,EnteringNewFile,1
storage,TagExists,1
storage,AreNewEntriesAvailable,1
net,Conn.Read,1
vena/server,Spawn,1

syscall,WSAIoctl,1











bytes,Buffer.ReadByte,1











clive/cmd,GetEnvList,1
clive/cmd,ForkDot,1
runtime,CallersFrames,1
syscall,GetProcAddress,1



syscall,StartProcess,1
syscall,Timeval,1
reflect,Type.Fatal,1
appengine/taskqueue,Add,1
path/filepath,HasPrefix,1
ook,OpenFile,1
fmt,MOCK,1
